student_id,name,email,skill_level,is_late_submitter,generates_pdf
S001,Allison Hill,donaldgarcia@example.net,0.8412,True,True
S002,Angie Henderson,davisjesse@example.net,0.8492,False,False
S003,Cristian Santos,lrobinson@example.com,0.8821,False,True
S004,Abigail Shaffer,jpeterson@example.org,0.6697,True,True
S005,Gabrielle Davis,howardmaurice@example.com,0.4666,False,True
S006,Monica Herrera,smiller@example.net,0.8221,False,True
S007,Shannon Ray,williamsjeremy@example.com,0.8053,False,True
S008,Dr. Sharon James,xreid@example.org,0.7576,True,True
S009,Daniel Adams,lynchgeorge@example.net,0.3649,False,True
S010,Joel Nelson,gabriellecameron@example.org,0.7589,False,True
S011,Andrew Stewart,carl95@example.org,0.3923,False,False
S012,Jennifer Rocha,ithomas@example.org,0.9287,False,True
S013,Kimberly Burgess,zhurst@example.com,0.8134,False,False
S014,Zachary Hicks,camposmichelle@example.org,0.7468,True,False
S015,Rebecca Henderson,cruzcaitlin@example.com,0.7656,False,False
S016,Tricia Valencia,frazierdanny@example.net,0.6443,False,True
S017,Patricia Peterson,ryan70@example.net,0.6491,True,False
S018,Deborah Mason,williamrodriguez@example.net,0.9161,False,False
S019,Mark Lynch,nathanielmartin@example.net,0.281,False,False
S020,Linda Burns,hickmannatasha@example.com,0.8679,False,False
S021,David Bradley,millertodd@example.org,0.6803,False,True
S022,Kim Martinez,karroyo@example.com,0.834,False,False
S023,Lisa Brandt,jenniferross@example.net,0.6629,False,False
S024,Jessica Holmes,wrightcaleb@example.org,0.7415,True,False
S025,Crystal Robinson,zimmermanbrian@example.org,0.6216,False,False
S026,Shannon Jones,joshuawashington@example.net,0.8945,False,True
S027,Timothy Duncan,esanchez@example.com,0.826,False,True
S028,Brent Jordan,ujenkins@example.org,0.5477,False,False
S029,Victoria Garcia,zchandler@example.org,0.9531,False,False
S030,Connor West,dwhite@example.org,0.8948,False,True
S031,Angela Morton,williamsyvette@example.org,0.7908,False,False
S032,Tammy Allison,richardolson@example.com,0.9338,False,False
S033,Carmen Smith,ybaker@example.com,0.8694,False,True
S034,Michael Cross,smoore@example.org,0.605,False,True
S035,Lauren Daniels,brian97@example.net,0.4523,True,True
S036,Kim Brown,yorkcasey@example.org,0.9131,False,True
S037,Cynthia Wilson,bethwilliams@example.org,0.925,False,False
S038,Kevin Mills,james53@example.com,0.7534,False,True
S039,Michael Evans,sarah10@example.com,0.4653,False,False
S040,Kristine Garcia,williamanderson@example.com,0.4586,False,False
S041,Sherry Wood,samueldaniels@example.com,0.4992,False,False
S042,Victoria Valdez,contrerasangela@example.net,0.7381,False,True
S043,Shawn Baker,newtoneric@example.com,0.7542,False,True
S044,Michelle Harris,william40@example.org,0.7232,False,True
S045,Sandra Williams,kellie42@example.net,0.6816,False,False
S046,Michael Hoffman,jonesnicole@example.org,0.5594,False,False
S047,Sandra Aguilar,russellwilliams@example.com,0.6812,False,False
S048,Rebecca Valencia,jason31@example.com,0.7334,False,False
S049,Stacey Russell,sarayoung@example.org,0.6514,False,True
S050,Rita Keith,whitesandra@example.com,0.9458,False,True
S051,Sharon Cochran,erik16@example.org,0.7029,False,False
S052,Courtney Velasquez,ybailey@example.org,0.7211,False,False
S053,Matthew Ross,michelle45@example.net,0.5832,True,False
S054,Meghan Anthony,sheila14@example.org,0.8857,True,True
S055,Victoria Johnson,yreed@example.com,0.6177,False,True
S056,William Wilson,jonathanfletcher@example.org,0.499,False,True
S057,Renee Mcdaniel,michaeljones@example.net,0.7784,False,False
S058,Lisa Alvarado,cortezkevin@example.com,0.8095,False,False
S059,Erika Terry,jamesortega@example.com,0.6789,False,False
S060,Stephanie Gilbert,richard04@example.com,0.9594,False,False
S061,Richard Lawson,steven73@example.net,0.9396,False,False
S062,Steven Flynn,donnacampbell@example.net,0.4825,False,True
S063,Frances Cardenas,emilywalker@example.org,0.5739,False,False
S064,Angel Riggs,gibsonolivia@example.net,0.6509,False,False
S065,Michael Snyder,dylanwatts@example.org,0.7661,False,True
S066,Colleen Brock,pwilliams@example.org,0.9087,False,False
S067,Robert Contreras,stephanie79@example.net,0.6158,False,False
S068,Jessica Meadows,vmerritt@example.com,0.8717,False,False
S069,Paul Larsen,katie87@example.net,0.8454,False,False
S070,Jeremiah Reeves,josephflores@example.net,0.4709,False,False
S071,Chris Reyes,jasminebrown@example.com,0.5984,False,False
S072,John Brown,xprice@example.net,0.8747,False,False
S073,Alicia Gilmore,wwoods@example.com,0.9279,False,True
S074,Sarah Ashley,vmedina@example.net,0.6623,False,False
S075,Stephanie Freeman,ryan06@example.com,0.7195,False,True
S076,Rebecca Ramsey,ncalhoun@example.net,0.7704,False,False
S077,James Elliott,millerroy@example.com,0.5353,False,False
S078,David Murphy,wmurphy@example.com,0.6055,False,True
S079,Trevor Fisher,ruizkaitlyn@example.org,0.7924,False,False
S080,Mrs. Marie Harrington DDS,herringjames@example.org,0.6466,False,False
S081,Cynthia Wells,elliottjeffery@example.net,0.8258,False,False
S082,Jacob Obrien,stricklandfrank@example.com,0.8887,False,False
S083,Alexander Collins,tsanders@example.org,0.776,True,False
S084,Michael Burton,terrykevin@example.net,0.5975,True,False
S085,Barbara Riggs,reedross@example.com,0.7877,False,False
S086,Matthew Smith,gshort@example.com,0.5734,False,True
S087,Madison Poole,ryangross@example.net,0.9763,True,True
S088,Robert Medina,umarshall@example.net,0.8561,False,False
S089,Samuel Rivas,ramirezshannon@example.com,0.3716,False,False
S090,Mary Rogers,lrosales@example.com,0.6568,False,False
S091,Robert Peterson,angela83@example.org,0.6376,False,True
S092,Jason Peters,hannahbrewer@example.com,0.8961,False,True
S093,Alan Phillips,tholt@example.net,0.3379,False,False
S094,Kara Schmidt,jbarajas@example.com,0.8696,False,False
S095,Jesse Parker,davidlee@example.org,0.509,False,True
S096,Tiffany Vaughn,javierwashington@example.net,0.7061,False,True
S097,Paige Carlson,wallkenneth@example.com,0.8119,True,True
S098,Adrian Ferguson,brandon08@example.com,0.8381,False,True
S099,Beth Oneill,agarcia@example.net,0.8039,False,True
S100,John Peterson,kingmichelle@example.org,0.8263,True,True
